{"cameraMode":{"drawMode":0,"name":"Shaded","section":"Shading Mode"},"sceneLighting":true,"audioPlay":false,"sceneViewState":{"showFog":true,"showMaterialUpdate":false,"showSkybox":false,"showFlares":true,"showImageEffects":true,"showParticleSystems":true},"in2DMode":false,"pivot":{"x":100.24186706542969,"y":50.28160095214844,"z":58.60443878173828},"rotation":{"x":-0.09697038680315018,"y":0.8497639894485474,"z":-0.16810980439186097,"w":-0.4901583790779114},"size":9.939475059509278,"orthographic":false}